id,date,method,pathname,status,timestamp,level,event_message,log_type,log_count,logs,auth_user
ddca8fce-13b9-475d-b879-c4067cdd94f9,"""2026-10-07T15:51:07.765Z""",GET,/rest-admin/v1/ready,200,2026-10-07T15:51:07.765000,success,GET | 200 | https://xdtmxcjbtwnutjhaxyek.supabase.co/rest-admin/v1/ready | @supabase-infra/mgmt-api/v1.460.0,edge,null,[],null
7af3de1c-2414-4206-a8d6-0f422b177398,"""2026-10-07T15:51:07.748Z""",GET,/auth/v1/health,200,2026-10-07T15:51:07.748000,success,GET | 200 | https://xdtmxcjbtwnutjhaxyek.supabase.co/auth/v1/health | @supabase-infra/mgmt-api/v1.460.0,edge,null,[],null
1a182766-7405-4724-b015-7af13d4c3bc7,"""2026-10-07T15:43:40.346Z""",,,08006,2026-10-07T15:43:40.346000,success,could not receive data from client: Connection reset by peer,postgres,null,[],null
01d61b26-42da-4b26-a4df-e67080f4d568,"""2026-10-07T15:41:04.700Z""",,,00000,2026-10-07T15:41:04.700000,success,"checkpoint complete: wrote 35 buffers (0.0%); 0 WAL file(s) added, 0 removed, 3 recycled; write=3.410 s, sync=0.001 s, total=3.416 s; sync files=25, longest=0.001 s, average=0.001 s; distance=32768 kB, estimate=32768 kB; lsn=0/2E000080, redo lsn=0/2E000028",postgres,null,[],null
db598232-76ec-4ed4-a270-c1b4a27cbd18,"""2026-10-07T15:41:01.284Z""",,,00000,2026-10-07T15:41:01.284000,success,checkpoint starting: time,postgres,null,[],null
20273612-ee95-404d-85b7-7f0779c0cafd,"""2026-10-07T15:38:33.286Z""",GET,/rest-admin/v1/ready,200,2026-10-07T15:38:33.286000,success,GET | 200 | https://xdtmxcjbtwnutjhaxyek.supabase.co/rest-admin/v1/ready | @supabase-infra/mgmt-api/v1.460.0,edge,null,[],null
6aaee707-b7c4-4a02-b3ff-29c884ce35b0,"""2026-10-07T15:38:33.280Z""",GET,/auth/v1/health,200,2026-10-07T15:38:33.280000,success,GET | 200 | https://xdtmxcjbtwnutjhaxyek.supabase.co/auth/v1/health | @supabase-infra/mgmt-api/v1.460.0,edge,null,[],null
847ac030-0887-4f95-b0f2-4d680da3988c,"""2026-10-07T15:36:40.449Z""",GET,/auth/v1/health,200,2026-10-07T15:36:40.449000,success,GET | 200 | https://xdtmxcjbtwnutjhaxyek.supabase.co/auth/v1/health | @supabase-infra/mgmt-api/v1.460.0,edge,null,[],null
43fde80f-a3bf-4548-a124-4b3293f76121,"""2026-10-07T15:36:01.509Z""",,,08006,2026-10-07T15:36:01.509000,success,could not receive data from client: Connection reset by peer,postgres,null,[],null
d49b8343-7529-46e7-be46-6954e2768e64,"""2026-10-07T15:35:54.269Z""",GET,/rest-admin/v1/ready,200,2026-10-07T15:35:54.269000,success,GET | 200 | https://xdtmxcjbtwnutjhaxyek.supabase.co/rest-admin/v1/ready | @supabase-infra/mgmt-api/v1.460.0,edge,null,[],null
7418fc81-4914-41f1-a0e0-0dc69a876d41,"""2026-10-07T15:35:54.233Z""",GET,/auth/v1/health,200,2026-10-07T15:35:54.233000,success,GET | 200 | https://xdtmxcjbtwnutjhaxyek.supabase.co/auth/v1/health | @supabase-infra/mgmt-api/v1.460.0,edge,null,[],null
e93083df-3ec2-4e4c-9438-7e22d2107314,"""2026-10-07T15:35:51.904Z""",,,57P01,2026-10-07T15:35:51.904000,error,terminating connection due to administrator command,postgres,null,[],null
4fe42a43-4ef8-459e-84a8-fe177b8385b1,"""2026-10-07T15:35:51.902Z""",,,57P01,2026-10-07T15:35:51.902000,error,terminating connection due to administrator command,postgres,null,[],null
4b1cd90c-2719-4a53-8021-6cdb29e9f066,"""2026-10-07T15:35:51.895Z""",,,57P01,2026-10-07T15:35:51.895000,error,terminating connection due to administrator command,postgres,null,[],null
88c5ff4a-39ad-44b5-b70c-b2cc5daa75dc,"""2026-10-07T15:35:51.889Z""",,,00000,2026-10-07T15:35:51.889000,success,aborting any active transactions,postgres,null,[],null
db29e6a8-c2b4-45b2-b761-45d174cba919,"""2026-10-07T15:35:51.887Z""",,,00000,2026-10-07T15:35:51.887000,success,received fast shutdown request,postgres,null,[],null
bdb4df41-ea3a-47ce-9bf6-e8d610cd7ee0,"""2026-10-07T15:35:49.205Z""",POST,/admin/v1/network-bans/retrieve,200,2026-10-07T15:35:49.205000,success,POST | 200 | https://xdtmxcjbtwnutjhaxyek.supabase.co/admin/v1/network-bans/retrieve | @supabase-infra/mgmt-api/v1.460.0,edge,null,[],null
ca8fde97-fe64-495c-81c2-17330567965d,"""2026-10-07T15:35:35.734Z""",,,57P01,2026-10-07T15:35:35.734000,error,terminating connection due to administrator command,postgres,null,[],null
6153c576-4ba5-4cbc-940d-80ee9783ec4f,"""2026-10-07T15:35:35.733Z""",,,00000,2026-10-07T15:35:35.733000,success,aborting any active transactions,postgres,null,[],null
8fcfc640-ab52-441a-b6bc-38902bc4b203,"""2026-10-07T15:35:35.730Z""",,,00000,2026-10-07T15:35:35.730000,success,received fast shutdown request,postgres,null,[],null
158da698-cc26-4a99-9530-c21c68e02774,"""2026-10-07T15:35:24.274Z""",,,57P03,2026-10-07T15:35:24.274000,error,the database system is not accepting connections,postgres,null,[],null
8f47ca4e-99d6-47a9-ae9e-15099dae9590,"""2026-10-07T15:35:24.126Z""",,,00000,2026-10-07T15:35:24.126000,success,completed backup recovery with redo LSN 0/29000028 and end LSN 0/29000120,postgres,null,[],null
d463e567-8ac3-4315-a8b9-2e7cd7277eff,"""2026-10-07T15:35:24.126Z""",,,00000,2026-10-07T15:35:24.126000,success,consistent recovery state reached at 0/29000120,postgres,null,[],null
204d3cf5-9c87-40fc-98b5-4886357e5158,"""2026-10-07T15:35:24.126Z""",,,00000,2026-10-07T15:35:24.126000,success,"redo done at 0/29000120 system usage: CPU: user: 0.00 s, system: 0.00 s, elapsed: 0.60 s",postgres,null,[],null
46c60c54-56b9-453c-8888-fa2f71e19f06,"""2026-10-07T15:35:24.126Z""",,,00000,2026-10-07T15:35:24.126000,success,recovery stopping after reaching consistency,postgres,null,[],null
e704dbd0-9af7-45b7-bfd8-2c4fffadbfdd,"""2026-10-07T15:35:23.998Z""",,,00000,2026-10-07T15:35:23.998000,success,"restored log file ""00000001000000000000002B"" from archive",postgres,null,[],null
5bacf0ac-b110-4289-a57f-f573180c60fd,"""2026-10-07T15:35:23.760Z""",,,00000,2026-10-07T15:35:23.760000,success,"restored log file ""00000001000000000000002A"" from archive",postgres,null,[],null
588863e8-897b-41c6-b134-d72004fad325,"""2026-10-07T15:35:23.523Z""",,,00000,2026-10-07T15:35:23.523000,success,redo starts at 0/29000028,postgres,null,[],null
fac8c42d-8ef0-40fa-95e5-1dba1912e07a,"""2026-10-07T15:35:23.520Z""",,,00000,2026-10-07T15:35:23.520000,success,starting point-in-time recovery to earliest consistent point,postgres,null,[],null
07e91422-edc4-4d78-916d-bbde5f8d0aad,"""2026-10-07T15:35:23.509Z""",,,00000,2026-10-07T15:35:23.509000,success,"restored log file ""000000010000000000000029"" from archive",postgres,null,[],null
343c0588-92e3-4abe-a6cb-e5168f08ef88,"""2026-10-07T15:35:23.094Z""",,,00000,2026-10-07T15:35:23.094000,success,"starting backup recovery with redo LSN 0/29000028, checkpoint LSN 0/29000080, on timeline ID 1",postgres,null,[],null
1c455582-7479-43fa-baec-f50885db784d,"""2026-10-07T15:35:23.084Z""",,,00000,2026-10-07T15:35:23.084000,success,"creating missing WAL directory ""pg_wal/archive_status""",postgres,null,[],null
b46e116c-136f-49c8-ae5f-e2f32ae15376,"""2026-10-07T15:35:23.084Z""",,,00000,2026-10-07T15:35:23.084000,success,database system was interrupted; last known up at 2026-09-19 23:17:58 UTC,postgres,null,[],null
f040f4bf-5d84-4107-a3a8-f9d37710dda7,"""2026-10-07T15:35:23.084Z""",,,00000,2026-10-07T15:35:23.084000,success,"creating missing WAL directory ""pg_wal/summaries""",postgres,null,[],null
ca44958c-30da-4b7b-935f-b7f9e7a5d4fc,"""2026-10-07T15:35:23.075Z""",,,00000,2026-10-07T15:35:23.075000,success,"listening on Unix socket ""/run/postgresql/.s.PGSQL.5432""",postgres,null,[],null
ab3e403e-cf3d-4f57-bff8-ee225b2beb39,"""2026-10-07T15:35:23.072Z""",,,00000,2026-10-07T15:35:23.072000,success,ending log output to stderr,postgres,null,[],null
e6ceb1c4-14d9-4a60-ae0d-80a360f16805,"""2026-10-07T15:35:23.072Z""",,,00000,2026-10-07T15:35:23.072000,success,"listening on IPv6 address ""::"", port 5432",postgres,null,[],null
736229f9-3cb6-422c-82d9-42c0e46f8315,"""2026-10-07T15:35:23.072Z""",,,00000,2026-10-07T15:35:23.072000,success,"starting PostgreSQL 17.6 on aarch64-unknown-linux-gnu, compiled by gcc (GCC) 15.2.0, 64-bit",postgres,null,[],null
7ec737cc-8ff6-4822-80fa-7c4ce6eab307,"""2026-10-07T15:35:23.072Z""",,,00000,2026-10-07T15:35:23.072000,success,"listening on IPv4 address ""0.0.0.0"", port 5432",postgres,null,[],null
295a210d-76e6-4397-aa82-e15224a8d62f,"""2026-10-07T15:35:17.250Z""",,,57P01,2026-10-07T15:35:17.250000,error,terminating connection due to administrator command,postgres,null,[],null
0d5e34a1-0e1a-4b35-a758-6b2ef0d1e9b7,"""2026-10-07T15:35:17.248Z""",,,57P01,2026-10-07T15:35:17.248000,error,terminating connection due to administrator command,postgres,null,[],null
231dccfe-8418-4c07-b62d-fd8240524bd7,"""2026-10-07T15:35:17.246Z""",,,57P01,2026-10-07T15:35:17.246000,error,terminating connection due to administrator command,postgres,null,[],null
784761fe-70e8-4f61-8332-506af2e8117a,"""2026-10-07T15:35:17.245Z""",,,00000,2026-10-07T15:35:17.245000,success,aborting any active transactions,postgres,null,[],null
fb0f5489-a31b-4c76-b82d-65c17b238f3b,"""2026-10-07T15:35:17.242Z""",,,00000,2026-10-07T15:35:17.242000,success,received fast shutdown request,postgres,null,[],null
82f38943-2f24-4ec4-ad73-0d35b4d63792,"""2026-10-07T15:35:06.526Z""",GET,/auth/v1/health,200,2026-10-07T15:35:06.526000,success,GET | 200 | https://xdtmxcjbtwnutjhaxyek.supabase.co/auth/v1/health | @supabase-infra/mgmt-api/v1.460.0,edge,null,[],null
967b4acc-7a66-4456-b37f-b29b957c2473,"""2026-10-07T15:34:56.159Z""",GET,/rest-admin/v1/ready,200,2026-10-07T15:34:56.159000,success,GET | 200 | https://xdtmxcjbtwnutjhaxyek.supabase.co/rest-admin/v1/ready | @supabase-infra/mgmt-api/v1.460.0,edge,null,[],null
1a5526f4-5505-415a-a103-eb6e6908105a,"""2026-10-07T15:34:56.156Z""",GET,/auth/v1/health,200,2026-10-07T15:34:56.156000,success,GET | 200 | https://xdtmxcjbtwnutjhaxyek.supabase.co/auth/v1/health | @supabase-infra/mgmt-api/v1.460.0,edge,null,[],null
67f4b8d7-509b-44ae-ab40-3d57cfd59e60,"""2026-10-07T15:34:45.871Z""",GET,/auth/v1/health,200,2026-10-07T15:34:45.871000,success,GET | 200 | https://xdtmxcjbtwnutjhaxyek.supabase.co/auth/v1/health | @supabase-infra/mgmt-api/v1.460.0,edge,null,[],null
c42e6bcd-ad43-4547-bc7e-425072b3c0eb,"""2026-10-07T15:34:40.495Z""",,,42P01,2026-10-07T15:34:40.495000,error,"relation ""realtime.subscription"" does not exist",postgres,null,[],null
718d7a5b-b284-487c-9eb8-311c553efe6a,"""2026-10-07T15:33:08.789Z""",GET,/rest-admin/v1/ready,521,2026-10-07T15:33:08.789000,error,GET | 521 | https://xdtmxcjbtwnutjhaxyek.supabase.co/rest-admin/v1/ready | @supabase-infra/mgmt-api/v1.460.0,edge,null,[],null
e43cb050-2ba7-4f44-b2f8-cd9b840ae985,"""2026-10-07T15:32:58.451Z""",GET,/rest-admin/v1/ready,521,2026-10-07T15:32:58.451000,error,GET | 521 | https://xdtmxcjbtwnutjhaxyek.supabase.co/rest-admin/v1/ready | @supabase-infra/mgmt-api/v1.460.0,edge,null,[],null
b6185c5b-b584-43d7-8ba7-2d3c745b0cbd,"""2026-10-07T15:32:58.449Z""",GET,/auth/v1/health,502,2026-10-07T15:32:58.449000,error,GET | 502 | https://xdtmxcjbtwnutjhaxyek.supabase.co/auth/v1/health | @supabase-infra/mgmt-api/v1.460.0,edge,null,[],null